<?xml version="1.0" ?>
<jobSummary archiveFilename="/mnt/c/Users/dangrazi/Documents/development/env/pyats_dev/users/dangrazi/archive/20-07/job.2020Jul15_14:04:27.120097.zip" atsTreePath="/mnt/c/Users/dangrazi/Documents/development/env/pyats_dev">
  <jobName>job</jobName>
  <image/>
  <aborted>0</aborted>
  <passed>7</passed>
  <passx>0</passx>
  <failed>0</failed>
  <blocked>0</blocked>
  <skipped>0</skipped>
  <errored>0</errored>
  <unknown>0</unknown>
  <never_ran>0</never_ran>
  <total>7</total>
  <success_rate>100.0</success_rate>
  <starttime>2020-07-15T14:04:35</starttime>
  <stoptime>2020-07-15T14:07:56</stoptime>
  <runtime>00:03:21</runtime>
  <testbed>testbed</testbed>
  <release/>
  <submitter>dangrazi</submitter>
  <debugProfile>0</debugProfile>
  <host>DANGRAZI-AU425</host>
</jobSummary>
